[
  {
    "id": "block-1",
    "heading": "Specialized solutions for evolving logistics and supply chain needs",
    "description": "Our solutions are designed to streamline operations, enhance system performance, and drive digital transformation"
  },
  {
    "id": "block-2",
    "heading": "Helping organizations with their Operations",
    "description": "Our solutions are designed to streamline supply chain processes, enhance visibility, improve data accuracy, and drive operational efficiency."
  },
  {
    "id": "block-3",
    "heading": "Comprehensive and Modern Tech Stack",
    "description": "At Quartoloom, we leverage a tech stack to deliver robust, scalable, and high-performing digital solutions tailored to diverse business needs"
  },
  {
    "id": "block-4",
    "heading": "Don’t just take our word for it",
    "description": "We are crafting tailored technology solutions for complex business needs"
  }
]
