[
  {
    "id": "block-1",
    "logo": "http://localhost:5173/Logos/icon1.png",
    "heading": "BI and Analytics Services",
    "description": "We offer expert level of knowledge on Power BI, Tableau and deliver tailored dashboard for logistics industry like Control Tower dashboard"
  },
  {
    "id": "block-2",
    "logo": "http://localhost:5173/Logos/icon2.png",
    "heading": "Middleware Expertise",
    "description": "Expertise in Oracle EBS, Oracle Fusion Middleware, Boomi, and webMethods for scalable, B2B-ready integrations and streamlined communication across complex systems."
  },
  {
    "id": "block-3",
    "logo": "http://localhost:5173/Logos/icon3.png",
    "heading": "Freight & Logistics Resource Support",
    "description": "Providing skilled frontend, backend, and full-stack developers with freight and logistics domain knowledge to accelerate development and support."
  }
]
