[
  {
    "id": "block-1",
    "heading": "Client-Centric Approach",
    "description": "We tailor solutions to your logistics needs—like optimizing warehouse workflows or ERP integration—collaborating closely to ensure alignment with your business goals."
  },
  {
    "id": "block-2",
    "heading": "Agile Methodology",
    "description": "We deliver project flexibility using agile sprints, enabling rapid iterations for solutions like shipment tracking modules while ensuring on-time, high-quality delivery."
  },
  {
    "id": "block-3",
    "heading": "Commitment to Quality",
    "description": "We ensure reliability with rigorous testing using JMeter and Tricentis Tosca, delivering zero-downtime solutions for inventory management and EDI platforms."
  },
  {
    "id": "block-4",
    "heading": "Flexible Staffing",
    "description": "We provide flexible, skilled staffing to support your projects, seamlessly integrating with your team to accelerate delivery and reduce recruitment overhead."
  },
  {
    "id": "block-5",
    "heading": "User Focused Design",
    "description": "We design intuitive UI/UX with JavaScript and Oracle APEX for logistics dashboards, enhancing efficiency and decision-making in shipment tracking and inventory reporting."
  }
]
